{
    "key": "group_621fd89d5f869",
    "title": "Events",
    "fields": [
        {
            "key": "field_621fd8b53332c",
            "label": "Event Date",
            "name": "event_date",
            "type": "date_picker",
            "instructions": "",
            "required": 0,
            "conditional_logic": 0,
            "wrapper": {
                "width": "",
                "class": "",
                "id": ""
            },
            "display_format": "d\/m\/Y",
            "return_format": "Ymd",
            "first_day": 1
        },
        {
            "key": "field_621fd97bf640d",
            "label": "Event Card Excerpt",
            "name": "event_card_excerpt",
            "type": "text",
            "instructions": "",
            "required": 0,
            "conditional_logic": 0,
            "wrapper": {
                "width": "",
                "class": "",
                "id": ""
            },
            "default_value": "",
            "placeholder": "",
            "prepend": "",
            "append": "",
            "maxlength": ""
        }
    ],
    "location": [
        [
            {
                "param": "post_type",
                "operator": "==",
                "value": "event"
            }
        ]
    ],
    "menu_order": 0,
    "position": "normal",
    "style": "default",
    "label_placement": "top",
    "instruction_placement": "label",
    "hide_on_screen": "",
    "active": true,
    "description": "",
    "show_in_rest": 0,
    "modified": 1646256602
}