{
    "key": "group_62067001d4de9",
    "title": "Page Color Themes",
    "fields": [
        {
            "key": "field_620670222e043",
            "label": "Color Theme",
            "name": "color_theme",
            "type": "radio",
            "instructions": "",
            "required": 0,
            "conditional_logic": 0,
            "wrapper": {
                "width": "",
                "class": "",
                "id": ""
            },
            "choices": {
                "mint-green": "Mint Green",
                "violet": "Violet",
                "neon-yellow": "Neon Yellow",
                "blue": "Blue",
                "lime-blue-gradient": "Lime to Blue Gradient",
                "blue-lime-blue-gradient": "Blue to Lime to Blue Gradient"
            },
            "allow_null": 0,
            "other_choice": 0,
            "default_value": "",
            "layout": "vertical",
            "return_format": "value",
            "save_other_choice": 0
        }
    ],
    "location": [
        [
            {
                "param": "post_type",
                "operator": "==",
                "value": "page"
            },
            {
                "param": "page",
                "operator": "!=",
                "value": "15"
            }
        ]
    ],
    "menu_order": 0,
    "position": "side",
    "style": "default",
    "label_placement": "top",
    "instruction_placement": "label",
    "hide_on_screen": "",
    "active": true,
    "description": "",
    "show_in_rest": 0,
    "modified": 1646323038
}